,PIM
0,4.7458153
1,66.27339
2,55.183617
3,73.41111
4,73.168755
5,27.648827
6,13.013782
7,61.597843
8,7.3248873
9,11.968743
10,7.768918
11,43.705853
12,69.505936
13,45.444138
14,121.11399
15,65.86113
16,111.4091
17,86.13776
18,56.48856
19,25.490013
20,156.02644
21,123.430504
22,68.52763
23,87.553604
24,1.9495182
25,92.573685
26,57.01441
27,71.04111
28,129.90929
29,57.033623
30,27.227875
31,90.14734
32,66.44815
33,88.07466
34,84.96016
35,35.397076
36,44.761433
37,3.3197908
38,43.060135
39,16.049063
40,4.2372665
41,3.4563408
42,152.93137
43,145.92638
44,35.260406
45,77.59358
46,136.13605
47,81.94669
48,55.13959
49,55.310265
50,37.447655
51,48.29097
52,20.40677
53,38.673073
54,39.263054
55,112.39797
56,70.03978
57,83.387634
58,88.10736
59,40.721375
60,3.6767216
61,20.292868
62,104.78256
63,62.907593
64,55.021767
65,11.794519
66,26.087965
67,41.198486
68,100.481155
69,37.16815
70,63.95787
71,47.229664
72,61.604507
73,81.466644
74,55.699654
75,79.87002
76,14.622373
77,85.39102
78,50.862934
79,86.949066
80,4.0457087
81,130.63718
82,3.4619627
83,82.37814
84,73.92233
85,146.14648
86,39.737244
87,88.92351
88,10.417762
89,58.9057
90,26.593573
91,12.801865
92,65.15135
93,21.474808
94,39.01448
95,10.370629
96,22.96363
97,78.755844
98,7.81604
99,7.670575
100,78.48707
101,59.947624
102,52.1848
103,74.47175
104,60.007343
105,61.713764
106,0.3645687
107,156.66467
108,72.50142
109,93.39488
110,61.01379
111,23.900501
112,125.99014
113,28.484283
114,94.142334
115,31.415169
116,84.80811
117,49.05623
118,128.82965
119,78.67934
120,110.41863
121,85.69027
122,77.31262
123,63.51471
124,57.70694
125,119.53601
126,26.469324
127,31.149406
128,97.197876
129,122.60497
130,15.099972
131,74.62196
132,98.36948
133,1.2439852
134,64.58398
135,57.40214
136,67.19848
137,83.68692
138,103.1018
139,72.82356
140,25.13547
141,121.90807
142,36.337517
143,92.345764
144,0.7660179
145,67.76395
146,62.853317
147,81.36704
148,76.45082
149,39.01848
150,20.225777
151,50.79389
152,0.26685143
153,56.81965
154,119.33214
155,4.7457924
156,3.2807503
157,31.476635
158,73.893
159,131.4807
160,5.8120975
161,0.0904026
162,1.0801983
163,18.86481
164,8.280725
165,28.075264
166,17.980122
167,3.0808468
168,13.586257
169,13.240789
170,1.1571693
171,7.4928617
172,1.5718536
173,13.934777
174,39.172195
175,7.2539005
176,11.256531
177,4.5916424
178,11.437125
179,21.610199
180,14.906348
181,1.0912247
182,16.704102
183,5.147848
184,13.616665
185,3.0493584
186,11.75799
187,16.330357
188,5.464266
189,2.0650616
190,8.289208
191,4.1696577
192,1.1765842
193,1.304863
194,5.8932695
195,52.649414
196,1.3116169
197,0.4441309
198,11.974516
199,10.114874
200,1.2150478
201,7.367304
202,6.048732
203,14.12062
204,12.077816
205,1.1781197
206,14.342674
207,4.9730415
208,2.6043577
209,6.9227962
210,13.870085
211,2.0194826
212,14.789472
213,3.92175
214,8.5136
215,38.56599
216,14.1003275
217,3.0566502
218,1.6514931
219,9.789483
220,7.562088
221,2.8675814
222,3.5293322
223,13.992727
224,1.9299974
225,6.627554
226,6.2314377
227,10.14703
228,13.955313
229,14.723498
230,0.08955574
231,1.6993084
232,1.7520685
233,4.713438
234,9.896004
235,15.800688
236,3.6151142
237,8.467923
238,3.283102
239,13.028344
240,5.066533
241,10.071232
242,3.8825788
243,0.44254017
244,8.900681
245,0.42645073
246,11.603072
247,1.304327
248,8.60354
249,9.246751
250,0.41057205
251,17.993042
252,5.268915
253,8.7963915
254,0.09611511
255,2.107874
256,14.880432
257,12.698227
258,0.62166023
259,3.9438334
260,1.5614119
261,10.836421
262,4.5702496
263,17.263426
264,17.586052
265,3.691925
266,2.8390112
267,15.859076
268,4.6751795
269,1.9407978
270,0.30720234
271,6.6493034
272,1.472538
273,10.907474
274,54.014977
275,14.403288
276,14.6543
277,11.970555
278,6.4652395
279,1.9514732
280,13.529829
281,13.45837
282,4.293803
283,16.656204
284,5.5489807
285,6.521126
286,0.40626526
287,31.966143
288,0.36550903
289,0.9398918
290,8.129139
291,14.2083
292,17.64738
293,7.2424803
294,9.709541
295,11.073679
296,16.917156
297,14.711226
298,12.934091
299,17.354435
300,9.859271
301,13.7706175
302,1.9555655
303,1.1878424
304,15.10676
305,16.449272
306,13.340059
307,5.6645546
308,0.47622776
309,14.095265
310,16.9044
311,3.5131578
312,5.1676893
313,6.0891876
314,11.704933
315,9.0135355
316,0.61242867
317,23.059834
318,8.177854
319,12.041814
320,1.0623827
321,8.121721
322,16.98602
323,1.2249174
324,1.1477871
325,16.76855
326,0.9494257
327,5.6007156
328,11.065506
329,3.6193323
330,1.1804972
331,4.494994
332,1.7378635
333,2.9854412
334,5.2003593
335,6.823432
336,8.923847
337,5.4319925
338,7.4469748
339,0.031723022
340,18.675259
341,17.866772
342,0.26255035
343,7.461193
344,8.041284
345,0.033851624
346,10.78854
347,10.881279
348,22.112125
349,12.65624
350,13.090271
351,1.0511646
352,20.395748
353,5.8476486
354,4.690756
355,25.917652
356,13.811652
357,11.445063
358,15.748356
359,2.5873919
360,13.98438
361,0.07098389
362,7.2940836
363,5.5631037
364,7.975833
365,1.7414312
366,9.38758
367,1.335782
368,8.933569
369,3.918909
370,21.278416
371,0.40736198
372,3.314023
373,5.664963
374,0.3629961
375,0.58834076
376,12.583449
377,13.307861
378,1.0629683
379,7.2259703
380,0.29443073
381,29.713266
382,7.3838644
383,7.082098
384,2.0731688
385,0.561615
386,6.4792604
387,8.809797
388,0.5310364
389,12.042432
390,2.6678782
391,2.4798927
392,24.968407
393,21.294289
394,0.40083694
395,1.9340153
396,1.0517216
397,6.6405582
398,0.31110668
399,24.091948
400,1.479455
401,4.541868
402,1.8959332
403,16.932976
404,7.945997
405,0.9578619
406,8.829643
407,7.505025
408,1.3094368
409,4.922596
410,3.8615866
411,13.630725
412,16.430424
413,6.4797144
414,9.068528
415,9.678973
416,4.524351
417,4.4531
418,8.167568
419,3.4724617
420,2.060832
421,12.856735
422,11.157683
423,11.96822
424,10.722623
425,3.0188122
426,6.032894
427,2.341732
428,0.87302685
429,9.990414
430,4.1662817
431,10.230109
432,1.1316957
433,3.5202017
434,2.4620342
435,7.955721
436,8.918641
437,13.400167
438,0.46657753
439,10.6515665
440,0.59068775
441,0.3309269
442,23.449406
443,17.281513
444,4.087883
445,4.1573296
446,5.749403
447,3.4724493
448,8.459021
449,15.475714
450,2.8992062
451,0.51516724
452,31.756977
453,6.882365
454,1.4498968
455,1.4394035
456,3.9938679
457,4.4328833
458,3.2797832
459,12.917062
460,4.2792625
461,2.520362
462,6.2893476
463,3.0393877
464,17.75326
465,18.527992
466,9.234112
467,3.3182726
468,5.594884
469,14.141292
470,3.1028528
471,1.0042305
472,6.6092386
473,24.226854
474,3.138794
475,3.6039743
476,0.2539692
477,14.952271
478,8.676414
479,24.727997
480,0.3682108
481,2.7784166
482,2.8548927
483,31.742983
484,12.123669
485,19.474293
486,0.675313
487,7.164441
488,3.5889034
489,11.12477
490,11.322225
491,4.0336237
492,3.8222427
493,1.5343447
494,19.759823
495,2.660121
496,16.665142
497,15.599888
498,0.51013756
499,6.894992
500,21.293772
501,16.006424
502,0.21103954
503,2.0142813
504,14.135725
505,17.218777
506,1.3551245
507,2.8345594
508,5.069375
509,1.3358059
510,3.2056713
511,76.0379
512,8.044429
513,19.071657
514,4.9017963
515,1.816783
516,6.4259577
517,3.9527006
518,3.4392462
519,0.272233
520,15.692601
521,0.69867134
522,4.9546623
523,19.998775
524,31.440727
525,3.1597347
526,3.1010284
527,0.28018188
528,0.5760956
529,2.3160677
530,13.177637
531,1.7240467
532,0.72626114
533,0.062350273
534,23.453146
535,0.25280952
536,15.432115
537,21.787647
538,9.638788
539,4.2159767
540,63.341484
541,7.1183767
542,16.737072
543,19.387352
544,5.084237
545,19.911926
546,7.524415
547,3.284522
548,3.843399
549,5.2057896
550,4.0151443
551,3.0455475
552,23.090485
553,23.579123
554,21.57381
555,0.607913
556,25.772959
557,8.747823
558,3.0742712
559,0.22410107
560,1.6959114
561,0.057816505
562,15.017418
563,5.6782446
564,14.735853
565,17.59312
566,7.9847736
567,3.9290361
568,0.73120975
569,3.8430357
570,8.456083
571,5.278534
572,12.007785
573,7.7803564
574,0.27253914
575,0.21443176
576,0.93639755
577,0.22062397
578,0.34678078
579,13.380908
580,0.056860924
581,1.3885841
582,8.376243
583,18.169708
584,17.02091
585,18.239376
586,16.086218
587,19.180935
588,18.620888
589,0.7354584
590,5.8726835
591,16.648853
592,5.6388273
593,2.0097065
594,24.319149
595,1.0959511
596,15.959408
597,7.8493366
598,0.6562576
599,0.22770596
600,1.1241465
601,0.28822136
602,15.093946
603,1.1899643
604,17.647503
605,0.21597958
606,11.83186
607,24.746235
608,8.909782
609,14.275214
610,15.448897
611,11.207297
612,1.3595285
613,10.707506
614,16.249386
615,0.28553104
616,7.5783243
617,0.9097481
618,2.7709007
619,10.936283
620,53.090324
621,25.332066
622,1.1735497
623,27.31675
624,0.54559135
625,54.540043
626,9.672425
627,8.280465
628,19.169325
629,3.7123547
630,7.169408
631,12.389465
632,1.4659443
633,7.4642353
634,9.660865
635,3.1903162
636,1.8058662
637,8.719044
638,4.903303
639,20.388329
640,0.881979
641,2.7398367
642,5.532655
643,84.01569
644,10.082036
645,2.60357
646,5.4703283
647,11.676534
648,13.854023
649,23.949064
650,16.305893
651,3.3393774
652,31.535213
653,251.429
654,12.121648
655,17.517437
656,90.89574
657,9.42282
658,9.500858
659,83.200775
660,0.47623253
661,257.3629
662,13.683476
663,2.620717
664,0.66244316
665,34.928673
666,21.154438
667,4.0034876
668,13.577745
669,3.5043354
670,38.338856
671,204.54263
672,1.2246017
673,3.5173254
674,0.42492867
675,2.947338
676,109.69602
677,0.44836998
678,3.293126
679,2.7292662
680,7.5742083
681,1.2878036
682,3.243556
683,19.189686
684,1.5440884
685,5.908244
686,0.2679882
687,23.841848
688,0.8476
689,13.679309
690,31.7388
691,11.6707735
692,2.388442
693,20.806372
694,36.723206
695,9.070901
696,192.1588
697,19.982454
698,4.632125
699,0.32632828
700,16.474316
701,19.976389
702,4.726839
703,6.0701036
704,9.281609
705,22.591352
706,198.45398
707,1.6348495
708,0.3790226
709,0.084391594
710,0.2756815
711,7.5308924
712,1.4648447
713,5.4219217
714,0.30163002
715,17.955208
716,10.436912
717,20.029156
718,118.17452
719,27.009258
720,7.3075743
721,190.21635
722,12.22449
723,5.235468
724,15.812951
725,30.994087
726,27.10855
727,9.337886
728,0.74738693
729,2.523221
730,3.4688625
731,3.7119408
732,4.6085052
733,9.182853
734,2.2527761
735,2.3357658
736,12.974997
737,12.362235
738,32.765045
739,0.7748394
740,10.167958
741,0.51751137
742,3.509139
743,24.80872
744,20.946598
745,0.8990259
746,2.8301983
747,0.57911396
748,7.0043974
749,68.476105
750,1.0180664
751,140.57703
752,128.62038
753,2.9229279
754,7.4810743
755,154.19478
756,3.0578127
757,31.30411
758,4.7676115
759,6.1497297
760,55.041946
761,0.77227116
762,0.31989288
763,6.367792
764,7.4642477
765,4.963545
766,0.43348312
767,189.36707
768,0.37000465
769,25.021488
770,33.47398
771,0.7584095
772,8.170125
773,114.65138
774,29.961748
775,0.09758377
776,7.3025036
777,108.5518
778,0.5562582
779,0.4819107
780,10.405173
781,3.6557703
782,18.821392
783,0.08566952
784,7.5402975
785,23.70457
786,2.2343197
787,10.310923
788,9.7020235
789,251.95337
790,4.6843863
791,27.807213
792,1.7027359
793,4.7115135
794,24.115656
795,9.418114
796,1.8561306
797,2.292719
798,16.30585
799,38.935574
800,1.3358126
801,0.20745182
802,0.4052763
803,7.19695
804,0.9622154
805,4.9945745
806,3.5567398
807,0.31472397
808,11.310471
809,8.211032
810,14.348647
811,15.152999
812,0.638175
813,12.936771
814,0.7196102
815,28.12088
816,32.438873
817,2.293665
818,1.9602118
819,0.9009638
820,16.093922
821,4.6044807
822,11.05098
823,9.677058
824,3.606842
825,0.4311161
826,5.123872
827,0.023285866
828,5.544524
829,43.82807
830,9.192429
831,9.147722
832,8.377561
833,7.4861307
834,16.290928
835,2.8589096
836,5.889118
837,5.8891525
838,3.6130295
839,11.032336
840,5.0928745
841,0.19714832
842,6.8074465
843,1.7947998
844,0.6458349
845,1.6710873
846,11.9687395
847,3.6799126
848,10.525305
849,18.863247
850,1.5689354
851,6.8585024
852,1.0865078
853,6.9634933
854,17.618683
855,14.134274
856,5.8823814
857,6.9160786
858,13.218493
859,0.18858624
860,12.555152
861,3.1532936
862,8.476356
863,3.5106993
864,14.494637
865,2.2708893
866,17.40512
867,0.40170956
868,7.6728516
869,1.5821533
870,2.575985
871,3.1714249
872,0.63898563
873,1.7022638
874,5.2192698
875,0.7270756
876,25.620148
877,3.5385675
878,6.7438
879,4.50305
880,0.1989336
881,10.178027
882,8.308835
883,11.104737
884,2.7729702
885,16.73418
886,10.548185
887,10.686404
888,2.124092
889,4.6187096
890,11.883167
891,0.85220146
892,7.7082624
893,26.45799
894,9.110536
895,11.393584
896,2.75453
897,11.864463
898,0.39683628
899,14.048265
900,4.7174025
901,6.885557
902,7.7207546
903,2.6879168
904,0.30033875
905,9.475966
906,8.616892
907,18.301865
908,0.022767067
909,2.640895
910,18.7305
911,6.2362375
912,3.2839642
913,4.694394
914,1.1737881
915,8.863957
916,0.9576731
917,8.129145
918,5.8903303
919,21.430252
920,7.6682453
921,9.687792
922,25.195496
923,7.920451
924,6.4131927
925,3.4929104
926,0.022600174
927,4.2910614
928,2.79805
929,4.5388174
930,0.9126425
931,0.7548189
932,2.5121365
933,9.887993
934,7.3481836
935,0.22828865
936,3.1937542
937,6.0529013
938,1.5282488
939,1.2424736
940,1.3168316
941,25.042442
942,0.57799435
943,3.0981178
944,10.008062
945,12.2437725
946,13.629656
947,18.017248
948,6.515848
949,0.19803333
950,6.170434
951,8.230117
952,4.0934105
953,3.3149443
954,4.0026913
955,5.089468
956,44.99646
957,4.4694977
958,0.14147854
959,0.18433952
960,11.106495
961,9.922502
962,1.1653223
963,8.034347
964,5.6778393
965,6.0056105
966,0.23928642
967,9.379814
968,33.995415
969,10.117405
970,2.7168865
971,47.24743
972,13.124461
973,0.3089533
974,6.6922617
975,5.6904106
976,0.49804878
977,21.80887
978,75.26912
979,1.8936176
980,4.0719557
981,9.85114
982,0.30157757
983,4.110918
984,1.7500544
985,1.8564205
986,0.63654995
987,5.864255
988,5.4874697
989,8.175375
990,4.5379524
991,14.438986
992,20.135323
993,0.31750107
994,8.671508
995,0.3878441
996,3.5587702
997,1.7002258
998,0.24579811
999,4.3013535
1000,16.13601
1001,4.534232
1002,2.603485
1003,2.0115328
1004,6.312008
1005,19.206144
1006,13.29964
1007,5.9735622
1008,3.8964167
1009,0.5159712
1010,7.653228
1011,16.137213
1012,12.591171
1013,1.0807915
1014,0.88456535
1015,0.32868576
1016,2.1280107
1017,0.03601265
1018,3.8953438
1019,12.680517
1020,21.917553
1021,2.5779152
1022,0.23335361
1023,1.902667
1024,16.825773
1025,2.777691
1026,2.591506
1027,17.27769
1028,15.904718
1029,3.0796318
1030,0.19234371
1031,4.968314
1032,4.4249315
1033,1.8031836
1034,7.776025
1035,10.302196
1036,0.22577381
1037,3.469696
1038,18.906801
1039,8.112898
1040,7.869857
1041,0.18618774
1042,2.9152927
1043,5.684243
1044,0.033551216
1045,6.1226177
1046,1.1673193
1047,2.9391727
1048,13.840256
1049,21.596516
1050,1.780159
1051,74.70544
1052,1.9807014
1053,2.3138876
1054,58.213356
1055,7.6188765
1056,53.75315
1057,7.1549187
1058,0.48749447
1059,27.396673
1060,0.26371956
1061,1.6242266
1062,3.3087673
1063,0.62351704
1064,3.0877876
1065,24.61229
1066,0.24354362
1067,5.605462
1068,1.2457008
1069,1.119195
1070,15.340019
1071,56.609074
1072,21.241505
1073,0.59764576
1074,14.473696
1075,4.034831
1076,18.104813
1077,0.5343685
1078,0.81653976
1079,10.481941
1080,1.4392653
1081,16.305569
1082,1.0359573
1083,2.0516996
1084,19.108185
1085,1.6242466
1086,13.106562
1087,38.649708
1088,2.0909376
1089,7.0573606
1090,5.8628016
1091,0.2025404
1092,3.0917835
1093,3.7467728
1094,1.3416901
1095,11.339002
1096,0.59538364
1097,69.24026
1098,20.250732
1099,38.248344
1100,15.89026
1101,6.9984274
1102,0.040816307
1103,1.3326864
1104,31.510027
1105,4.0903177
1106,36.185806
1107,45.581505
1108,13.377318
1109,4.851467
1110,35.917973
1111,9.285324
1112,55.63359
1113,4.904005
1114,14.355414
1115,14.785744
1116,4.2952185
1117,17.458439
1118,1.1675739
1119,76.96326
1120,1.2321463
1121,2.4956093
1122,0.036476135
1123,14.921784
1124,14.878044
1125,19.731573
1126,31.081966
1127,16.318815
1128,3.747263
1129,39.340744
1130,2.7904806
1131,9.647409
1132,12.787145
1133,7.0561285
1134,2.3522596
1135,191.00818
1136,3.6741104
1137,215.20256
1138,6.368964
1139,23.015894
1140,2.6012878
1141,262.93246
1142,1.0983324
1143,1.9865761
1144,6.3302946
1145,0.8684006
1146,0.68005466
1147,33.178787
1148,17.22253
1149,138.37245
1150,39.681385
1151,0.037222862
1152,7.1051006
1153,2.9639568
1154,0.18564034
1155,4.027643
1156,0.3891487
1157,197.4257
1158,4.5298853
1159,8.144911
1160,15.876351
1161,0.7875757
1162,0.7003193
1163,28.652328
1164,2.507389
1165,2.1329145
1166,11.135404
1167,29.901436
1168,2.83988
1169,0.71219254
1170,7.172776
1171,0.24650288
1172,3.6035585
1173,11.372247
1174,5.077277
1175,16.522963
1176,151.97476
1177,30.676823
1178,14.290875
1179,5.2722397
1180,1.8991766
1181,12.862544
1182,170.82057
1183,37.984196
1184,12.080869
1185,36.327343
1186,13.945833
1187,0.39915943
1188,3.7644901
1189,6.744067
1190,0.4723158
1191,4.7020655
1192,2.566245
1193,18.35205
1194,1.9663296
1195,4.6217346
1196,7.3790474
1197,22.976768
1198,99.79324
1199,3.3017635
1200,2.4345875
1201,1.3222208
1202,65.29086
1203,11.870714
1204,32.23857
1205,8.038346
1206,1.5913353
1207,9.553995
1208,6.1352835
1209,8.123808
1210,22.256226
1211,5.181739
1212,11.816995
1213,4.8580065
1214,65.95558
1215,4.015897
1216,14.186303
1217,113.3428
1218,9.998073
1219,39.737232
1220,7.703368
1221,0.8711996
1222,0.31311893
1223,65.30597
1224,262.39487
1225,17.889343
1226,17.494751
1227,7.001115
1228,0.28695297
1229,56.51776
1230,64.25044
1231,6.0442905
1232,8.876063
1233,68.05905
1234,2.0924664
1235,22.616917
1236,87.8294
1237,0.38791275
1238,5.2796507
1239,0.34150028
1240,0.5318012
1241,0.63338757
1242,1.2819195
1243,4.6632156
1244,24.336664
1245,15.396809
1246,25.646477
1247,23.164734
1248,19.705467
1249,0.041176796
1250,0.4146242
1251,4.2154627
1252,11.746176
1253,2.6575813
1254,0.29819298
1255,8.825877
1256,131.38176
1257,19.123741
1258,128.59898
1259,282.6498
1260,93.35977
1261,31.296207
1262,17.09256
1263,8.930683
1264,53.67002
1265,0.92542934
1266,3.1746092
1267,0.46447468
1268,19.025845
1269,32.91078
1270,10.125956
1271,87.25157
1272,28.751888
1273,17.862936
1274,35.132202
1275,0.538702
1276,13.218552
1277,11.24699
1278,15.437479
1279,7.882023
1280,4.187684
1281,10.861506
1282,0.72420216
1283,1.1952257
1284,0.40074444
1285,18.659634
1286,8.517519
1287,5.6518097
1288,1.5798273
1289,4.715373
1290,5.9428825
1291,5.6659946
1292,24.459183
1293,0.31259632
1294,82.70358
1295,4.412116
1296,0.7320795
1297,23.969246
1298,2.156952
1299,24.95736
1300,9.441082
1301,0.22393608
1302,1.5049505
1303,19.988644
1304,0.30643654
1305,7.0133295
1306,11.485097
1307,14.429322
1308,1.6751003
1309,2.0347624
1310,23.434818
1311,118.9672
1312,38.325684
1313,3.325965
1314,1.9749517
1315,7.4046516
1316,0.25934124
1317,26.088707
1318,0.49150085
1319,19.968418
1320,28.423439
1321,6.4442644
1322,21.61924
1323,40.074806
1324,4.781519
1325,0.23295116
1326,0.40628242
1327,0.44627476
1328,13.075798
1329,14.235501
1330,19.01606
1331,0.14426994
1332,4.9235935
1333,5.6083136
1334,0.14393425
1335,51.729263
1336,30.155457
1337,1.4678469
1338,21.341614
1339,90.27851
1340,1.9232368
1341,1.3029337
1342,0.59725285
1343,7.2516546
1344,12.021434
1345,11.600367
1346,1.0293255
1347,31.920044
1348,1.0616913
1349,92.05759
1350,10.03164
1351,2.9587402
1352,0.041200638
1353,4.792302
1354,12.106445
1355,0.3482399
1356,18.299576
1357,12.620158
1358,26.904205
1359,15.14006
1360,28.925411
1361,17.012478
1362,1.2746878
1363,9.149757
1364,2.0183926
1365,2.8206234
1366,4.552473
1367,3.3611622
1368,12.4193325
1369,12.105808
1370,0.43932152
1371,1.8916531
1372,1.700985
1373,6.674162
1374,3.4549303
1375,0.23107815
1376,3.3032942
1377,5.96509
1378,4.003598
1379,0.23842335
1380,2.208086
1381,5.4849987
1382,24.889423
1383,72.66254
1384,142.03827
1385,43.47527
1386,2.6154099
1387,21.135891
1388,1.1242075
1389,0.6085386
1390,13.25557
1391,2.395481
1392,13.652262
1393,123.1491
1394,3.9019575
1395,106.76431
1396,19.377014
1397,3.2825289
1398,0.1447258
1399,0.037481308
1400,7.33949
1401,8.533914
1402,3.6225748
1403,10.568968
1404,0.40789032
1405,2.8304787
1406,3.9345808
1407,3.6962185
1408,1.546258
1409,20.290428
1410,33.740864
1411,16.94016
1412,52.435795
1413,1.8457499
1414,6.517784
1415,0.03717041
1416,23.233799
1417,30.482418
1418,2.3555088
1419,11.330659
1420,8.326477
1421,0.3952942
1422,31.353786
1423,5.7425814
1424,8.27843
1425,40.58001
1426,8.930745
1427,152.22946
1428,21.595715
1429,2.5584621
1430,0.20000744
1431,2.568818
1432,27.217596
1433,21.390099
1434,9.614964
1435,23.462107
1436,175.21814
1437,1.4982195
1438,7.3062353
1439,21.237522
1440,14.62909
1441,22.257599
1442,7.811901
1443,4.191661
1444,9.631363
1445,0.8259487
1446,6.349573
1447,0.87852764
1448,1.040884
1449,8.996319
1450,33.076736
1451,3.3233757
1452,14.654062
1453,4.448922
1454,2.9898348
1455,3.863616
1456,2.4104185
1457,3.9677649
1458,1.4707747
1459,37.508247
1460,10.064032
1461,10.623295
1462,12.843852
1463,1.0946531
1464,10.902109
1465,0.60045147
1466,0.6248741
1467,0.84240913
1468,21.245548
1469,2.2769222
1470,0.74477196
1471,5.3970737
1472,10.224365
1473,8.627883
1474,2.2141
1475,0.29366207
1476,3.6727362
1477,7.9368114
1478,11.863172
1479,7.3595314
1480,26.402945
1481,4.0640516
1482,13.349887
1483,0.711586
1484,5.8965015
1485,9.815636
1486,12.330988
1487,7.7861147
1488,8.542729
1489,4.7763615
1490,11.733965
1491,8.228202
1492,3.5456648
1493,7.895603
1494,22.43134
1495,0.8388119
1496,8.683137
1497,5.295025
1498,10.631651
1499,9.201998
1500,1.7749901
1501,23.216423
1502,9.406036
1503,2.6772556
1504,7.561845
1505,23.358498
1506,4.0947895
1507,4.957547
1508,8.446578
1509,14.165212
1510,10.63017
1511,4.260026
1512,1.0759182
1513,1.7479467
1514,5.414256
1515,11.276676
1516,6.614727
1517,5.880679
1518,18.155447
1519,9.863276
1520,4.8752832
1521,1.3137655
1522,4.138406
1523,11.091538
1524,16.738077
1525,0.83210564
1526,10.874295
1527,11.451352
1528,18.284607
1529,1.6240053
1530,3.1679287
1531,3.7669706
1532,6.3204136
1533,28.54221
1534,9.9083395
1535,10.311872
1536,2.2929916
1537,0.13657379
1538,7.73333
1539,0.7456627
1540,6.845537
1541,2.9267244
1542,7.230571
1543,10.35434
1544,9.201803
1545,6.0897045
1546,6.76367
1547,8.332589
1548,3.1648188
1549,3.3896341
1550,2.9433746
1551,10.757647
1552,7.406749
1553,2.0941744
1554,0.42096138
1555,2.9049206
1556,5.5369244
1557,13.577574
1558,18.876825
1559,6.5570717
1560,2.04249
1561,10.3530245
1562,8.186553
1563,0.7140827
1564,7.394807
1565,1.7120199
1566,0.72117996
1567,16.2864
1568,7.2644997
1569,12.601777
1570,8.153891
1571,0.90920925
1572,6.6892395
1573,2.3368835
1574,5.379633
1575,7.609309
1576,15.635096
1577,13.332004
1578,5.9624224
1579,12.078743
1580,16.355566
1581,0.13323402
1582,0.41860962
1583,0.8236208
1584,1.8410053
1585,4.1958017
1586,9.022009
1587,6.7899866
1588,6.7103786
1589,4.7085085
1590,2.6930504
1591,7.947541
1592,9.302047
1593,33.4504
1594,5.660344
1595,10.727829
1596,0.8871012
1597,9.786042
1598,28.883745
1599,2.4219542
1600,12.40797
1601,0.7914753
1602,1.772274
1603,17.89667
1604,62.338997
1605,16.878819
1606,43.015648
1607,35.360718
1608,269.03067
1609,50.22234
1610,237.10901
1611,34.661125
1612,11.156935
1613,20.732735
1614,45.571823
1615,18.168194
1616,52.857513
1617,250.47403
1618,15.548435
1619,18.765228
1620,22.406261
1621,3.7131243
1622,28.618496
1623,24.280445
1624,1.837224
1625,21.493362
1626,11.207011
1627,0.33820057
1628,11.462497
1629,5.1440506
1630,13.0068035
1631,177.94063
1632,1.5782595
1633,30.50691
1634,6.0444508
1635,29.987778
1636,9.037745
1637,3.8539534
1638,128.67787
1639,13.407477
1640,19.668388
1641,6.306283
1642,11.450415
1643,229.6833
1644,14.476936
1645,49.070366
1646,1.7544394
1647,13.955372
1648,21.212582
1649,3.2020798
1650,107.70794
1651,28.92684
1652,62.161823
1653,29.623684
1654,7.691847
1655,24.007801
1656,25.675053
1657,1.9133778
1658,95.0229
1659,164.27919
1660,11.095995
1661,34.532692
1662,1.806551
1663,1.9427872
1664,4.172146
1665,140.3558
1666,50.691628
1667,119.56507
1668,8.464184
1669,7.24376
1670,1.2416286
1671,22.511343
1672,64.926384
1673,19.100353
1674,69.9176
1675,37.4951
1676,249.26022
1677,35.78186
1678,64.941635
1679,14.017036
1680,16.94556
1681,67.8643
1682,1.3899546
1683,1.2706251
1684,4.24465
1685,5.8618946
1686,0.9313202
1687,38.126163
1688,6.0743484
1689,16.05595
1690,2.5243979
1691,1.1371651
1692,14.76187
1693,5.066353
1694,0.9288988
1695,3.7865
1696,63.16031
1697,5.3695726
1698,11.573995
1699,23.77861
1700,24.86626
1701,156.19669
1702,0.9175854
1703,8.485531
1704,21.62027
1705,1.8511934
1706,3.7544022
1707,3.103136
1708,72.37808
1709,38.349937
1710,163.89868
1711,230.81647
1712,3.600438
1713,1.8394566
1714,5.7377625
1715,1.2481422
1716,13.439835
1717,300.90573
1718,26.510845
1719,3.350583
1720,100.65007
1721,27.426567
1722,29.681116
1723,2.3792906
1724,13.927217
1725,280.8569
1726,10.793677
1727,33.759842
1728,5.1913767
1729,19.768782
1730,1.5789146
1731,10.1571
1732,6.406434
1733,1.8434677
1734,4.4377613
1735,15.52837
1736,2.0162544
1737,14.282412
1738,0.42657852
1739,32.80707
1740,18.733982
1741,58.782516
1742,1.5047693
1743,187.11224
1744,0.62037754
1745,76.20841
1746,50.33497
1747,197.21506
1748,21.71009
1749,16.331505
1750,9.202663
1751,5.1488266
1752,6.3815517
1753,27.149933
1754,95.53875
1755,68.880585
1756,2.9563408
1757,35.293007
1758,5.4317636
1759,50.98593
1760,11.410611
1761,0.5192194
1762,10.337849
1763,6.813323
1764,4.8656683
1765,0.054163933
1766,2.5341425
1767,17.867332
1768,20.15591
1769,6.0853376
1770,6.2885227
1771,16.888748
1772,2.3877335
1773,2.2576065
1774,14.201004
1775,21.70883
1776,0.23139858
1777,0.7762089
1778,7.410013
1779,6.305317
1780,3.8062868
1781,1.1178455
1782,7.731138
1783,5.5925817
1784,5.8454313
1785,3.6370392
1786,13.798952
1787,22.432007
1788,3.0270147
1789,13.412371
1790,18.885323
1791,0.040815353
1792,0.65236187
1793,1.8038883
1794,2.2490377
1795,1.4113779
1796,14.9662
1797,11.154031
1798,4.182355
1799,3.7194376
1800,14.2706995
1801,1.1923809
1802,2.9403038
1803,8.108913
1804,16.858774
1805,5.152811
1806,9.966
1807,4.0788774
1808,18.32874
1809,5.101843
1810,3.453968
1811,5.681512
1812,12.296291
1813,4.1980515
1814,17.548164
1815,0.039653778
1816,0.1947918
1817,3.9473286
1818,1.186574
1819,1.9580908
1820,1.076726
1821,2.8513384
1822,2.2192945
1823,13.306819
1824,6.5423183
1825,2.1158438
1826,7.2495317
1827,12.380822
1828,7.1051445
1829,13.960563
1830,0.22075176
1831,4.625124
1832,6.3026953
1833,0.7007532
1834,0.18924522
1835,7.3287916
1836,1.5462055
1837,3.8224583
1838,1.4119263
1839,0.62786865
1840,0.48512554
1841,3.2351618
1842,6.998412
1843,3.3541908
1844,0.97660255
1845,0.44358158
1846,8.017564
1847,0.48144436
1848,34.386982
1849,3.2943
1850,3.2346601
1851,1.6342669
1852,14.423034
1853,10.019257
1854,4.7695694
1855,0.18950558
1856,0.46462536
1857,21.24261
1858,5.93746
1859,2.239152
1860,1.0394602
1861,30.487736
1862,9.072799
1863,2.5989752
1864,22.664711
1865,0.7017126
1866,14.49811
1867,2.8733835
1868,16.034788
1869,7.773837
1870,1.6518621
1871,10.210963
1872,12.152048
1873,3.3984318
1874,0.2526102
1875,4.3889933
1876,2.3639793
1877,10.6607895
1878,6.5173655
1879,1.7812357
1880,9.246851
1881,0.9183922
1882,11.799229
1883,1.9898329
1884,5.721078
1885,0.16921043
1886,0.16503906
1887,0.48733234
1888,3.0899496
1889,0.2927065
1890,5.6868753
1891,4.7127104
1892,0.20006561
1893,8.672125
1894,0.26645947
1895,2.05229
1896,11.150624
1897,0.30073357
1898,0.75020885
1899,6.3256855
1900,18.161728
1901,2.2253895
1902,0.96807766
1903,0.6115017
1904,2.6061678
1905,0.31035995
1906,3.4280815
1907,1.1628599
1908,8.550502
1909,0.50767136
1910,11.762316
1911,5.367342
1912,2.5460548
1913,4.054003
1914,4.3459682
1915,11.407048
1916,0.17430115
1917,1.9271708
1918,2.5942593
1919,1.2522545
1920,0.75680256
1921,70.87454
1922,23.651705
1923,43.884567
1924,28.334396
1925,49.55945
1926,0.8211813
1927,76.02754
1928,57.454712
1929,30.020294
1930,2.2502346
1931,62.476585
1932,17.700169
1933,20.65612
1934,1.064991
1935,104.51192
1936,8.672319
1937,68.06229
1938,2.5201836
1939,5.666278
1940,22.925747
1941,159.34662
1942,42.257347
1943,15.179228
1944,17.765276
1945,16.988459
1946,22.23161
1947,32.354485
1948,7.542015
1949,2.688837
1950,27.167301
1951,0.56813717
1952,18.228628
1953,26.222496
1954,25.664564
1955,19.701065
1956,53.114914
1957,0.8759842
1958,8.837478
1959,2.2379541
1960,139.92708
1961,14.187017
1962,5.9190197
1963,14.554478
1964,0.64996815
1965,4.3211184
1966,3.7857618
1967,3.914834
1968,8.31192
1969,0.3598833
1970,15.900279
1971,20.299307
1972,0.64915943
1973,31.00765
1974,3.7818708
1975,17.92243
1976,18.424149
1977,26.907806
1978,15.915527
1979,0.5291319
1980,1.1317644
1981,3.2021132
1982,9.05885
1983,0.64571
1984,0.8104172
1985,24.003494
1986,0.59523964
1987,1.6746569
1988,6.4465666
1989,1.4725657
1990,12.18175
1991,3.3232088
1992,19.775528
1993,15.254319
1994,12.3857155
1995,49.795387
1996,6.80552
1997,3.975398
1998,1.4360352
1999,16.97277
2000,19.031754
2001,0.5284519
2002,4.6119432
2003,16.815216
2004,6.1909018
2005,5.3353796
2006,0.1891079
2007,65.72356
2008,10.09693
2009,13.072224
2010,12.325437
2011,44.509296
2012,2.1000214
2013,4.658512
2014,9.259543
2015,136.80313
2016,3.076933
2017,2.4142752
2018,26.259518
2019,17.590816
2020,26.096117
2021,95.43608
2022,49.907234
2023,0.49635124
2024,16.15762
2025,33.801945
2026,0.5679922
2027,96.25541
2028,7.5398893
2029,4.151087
2030,13.854433
2031,35.255924
2032,0.8019762
2033,1.3526459
2034,103.97162
2035,18.56585
2036,37.243835
2037,15.518389
2038,6.790805
2039,7.6186066
2040,4.482444
2041,20.506119
2042,2.9989567
2043,0.4981842
2044,39.996872
2045,9.607093
2046,2.5241632
2047,0.47571087
2048,4.2205763
2049,13.518455
2050,31.860237
2051,5.7472887
2052,9.440806
2053,10.835375
2054,5.460019
2055,38.925045
2056,184.64737
2057,15.653483
2058,19.796543
2059,0.18565655
2060,0.35840893
2061,5.9493046
2062,20.860415
2063,75.66858
2064,1.8753529
2065,13.418669
2066,1.4912624
2067,8.845733
2068,15.915364
2069,9.440491
2070,5.3534775
2071,12.239049
2072,0.21296215
2073,6.6147842
2074,1.2552481
2075,21.565796
2076,2.9115934
2077,19.37465
2078,6.354436
2079,10.566395
2080,1.3415899
2081,0.65344334
2082,0.95808315
2083,2.355342
2084,8.904507
2085,0.6973591
2086,34.333363
2087,5.9935246
2088,0.46558
2089,3.794942
2090,7.1292095
2091,2.4339027
2092,4.7927017
2093,6.540125
2094,2.9663506
2095,7.744302
2096,2.8477726
2097,8.479028
2098,6.569972
2099,2.78683
2100,3.707387
2101,2.8337717
2102,3.0828962
2103,2.253584
2104,2.0632486
2105,3.6793947
2106,3.4651804
2107,4.6671314
2108,4.778082
2109,6.910207
2110,1.5050488
2111,2.8375568
2112,2.5693989
2113,3.6506357
2114,11.659602
2115,0.74795055
2116,8.728762
2117,4.1459455
2118,2.5122404
2119,1.3964567
2120,1.6489935
2121,7.329235
2122,2.8177595
2123,0.23118496
2124,4.4523935
2125,5.437066
2126,48.918144
2127,18.201048
2128,8.374282
2129,3.8112707
2130,5.6300936
2131,2.0074854
2132,8.6946745
2133,7.361249
2134,0.7328968
2135,8.924577
2136,1.2943468
2137,7.358123
2138,1.2059679
2139,31.500637
2140,3.503789
2141,6.1675053
2142,7.400445
2143,2.1536112
2144,3.108509
2145,5.5192547
2146,7.9741764
2147,0.7121239
2148,17.043102
2149,6.8770027
2150,5.3281384
2151,30.962645
2152,0.75580406
2153,8.620384
2154,0.45349693
2155,0.7791662
2156,8.238649
2157,2.0662327
2158,2.0812826
2159,0.53074074
2160,1.0325193
2161,3.2837124
2162,2.2653503
2163,6.4337006
2164,0.4444208
2165,1.8121252
2166,2.918292
2167,6.901601
2168,19.06681
2169,5.7252035
2170,0.23715687
2171,4.226056
2172,7.739091
2173,5.9351683
2174,1.6094732
2175,11.5823965
2176,0.072444916
2177,6.204235
2178,0.7489376
2179,0.3621273
2180,0.20292759
2181,7.0844927
2182,4.018425
2183,5.959532
2184,5.524007
2185,0.74430084
2186,5.5044537
2187,0.2625761
2188,3.917533
2189,6.848797
2190,1.2302389
2191,7.5453167
2192,0.818202
2193,7.4044523
2194,2.6855164
2195,12.131803
2196,1.0125732
2197,8.160354
2198,3.8860264
2199,7.463088
2200,5.4631643
2201,3.6550617
2202,8.285331
2203,0.21905994
2204,1.9699411
2205,0.28137875
2206,0.30878162
2207,4.473667
2208,2.440853
2209,12.116931
2210,2.9554605
2211,1.4185162
2212,2.8166275
2213,0.46185017
2214,1.6174641
2215,1.4647045
2216,6.0970974
2217,5.6909266
2218,15.445313
2219,3.2147646
2220,9.478546
2221,0.26519394
2222,2.7537336
2223,0.08601284
2224,0.8878145
2225,1.6738214
2226,3.6721764
2227,4.2670546
2228,0.32738018
2229,4.3374586
2230,0.33566952
2231,10.929978
2232,6.5414762
2233,0.74907494
2234,6.382227
2235,1.3808241
2236,7.008662
2237,4.6185627
2238,7.8674564
2239,0.08904743
2240,5.800931
2241,14.363118
2242,3.017723
2243,1.981945
2244,35.895588
2245,8.5009775
2246,7.20012
2247,1.6055002
2248,37.43889
2249,6.5837984
2250,21.757349
2251,25.55045
2252,14.483954
2253,16.79861
2254,6.0384703
2255,23.589535
2256,18.450218
2257,0.6198578
2258,3.8501692
2259,16.11699
2260,0.4812193
2261,19.074562
2262,13.0389
2263,4.4133434
2264,15.638382
2265,5.880887
2266,7.5970287
2267,12.387084
2268,1.0206566
2269,9.945761
2270,3.9535503
2271,11.509547
2272,6.37201
2273,0.9912901
2274,4.271947
2275,8.486698
2276,6.8988037
2277,0.7594881
2278,11.041531
2279,0.53540516
2280,8.702056
2281,13.894268
2282,14.877707
2283,0.3568077
2284,3.5127392
2285,12.732083
2286,20.454784
2287,5.4740973
2288,14.067321
2289,20.536188
2290,3.1760874
2291,7.3286333
2292,16.647541
2293,28.917198
2294,16.28161
2295,23.36195
2296,3.5818615
2297,65.58879
2298,29.295803
2299,8.809654
2300,14.102699
2301,17.184864
2302,24.994587
2303,0.44159412
2304,46.10881
2305,2.695241
2306,1.4605837
2307,22.021332
2308,0.5712404
2309,2.4290752
2310,10.904358
2311,1.8052921
2312,28.7752
2313,1.0204964
2314,0.13663387
2315,9.5498905
2316,5.5308485
2317,5.89485
2318,7.0244703
2319,3.6439142
2320,12.809348
2321,2.0978842
2322,21.402786
2323,1.4359293
2324,18.23212
2325,4.7276278
2326,20.705582
2327,8.028232
2328,5.967741
2329,23.377975
2330,10.346229
2331,36.724117
2332,15.182417
2333,1.4000502
2334,20.751545
2335,0.7836971
2336,5.34052
2337,12.910851
2338,7.8088217
2339,5.87774
2340,2.2620573
2341,20.957104
2342,23.11917
2343,1.2994385
2344,18.618305
2345,1.116765
2346,24.571293
2347,25.419724
2348,19.155378
2349,2.9231234
2350,13.212129
2351,4.8408327
2352,31.342693
2353,1.1328964
2354,74.05684
2355,0.11864567
2356,13.435478
2357,5.6930323
2358,5.272109
2359,0.49731445
2360,11.761382
2361,26.367199
2362,22.972818
2363,19.718454
2364,15.797125
2365,1.0266085
2366,8.922124
2367,26.9757
2368,3.5093021
2369,0.11929321
2370,45.884815
2371,5.04025
2372,0.41334438
2373,39.06184
2374,14.254901
2375,27.903297
2376,2.5374851
2377,29.159813
2378,10.257581
2379,23.830082
2380,0.41226292
2381,32.679947
2382,0.6136427
2383,13.948449
2384,4.3503876
2385,28.16959
2386,7.610179
2387,0.9505844
2388,10.774107
2389,3.4891205
2390,9.573502
2391,13.958066
2392,20.28537
2393,8.19224
2394,12.961324
2395,2.260332
2396,19.842258
2397,3.1932335
2398,2.4413433
2399,18.14865
2400,17.64116
2401,1.7739182
2402,12.980632
2403,84.72695
2404,0.46064377
2405,0.46840954
2406,5.895937
2407,11.373368
2408,82.65039
2409,1.873023
2410,11.19049
2411,1.151947
2412,18.24916
2413,70.298645
2414,4.315133
2415,66.533
2416,3.2992334
2417,10.964644
2418,0.05094242
2419,18.2215
2420,11.44876
2421,6.3430014
2422,28.642593
2423,9.705316
2424,17.95282
2425,4.1305294
2426,14.351705
2427,0.968976
2428,9.379551
2429,2.3554935
2430,3.0071383
2431,39.52908
2432,12.957905
2433,54.666748
2434,101.10337
2435,14.54012
2436,0.4207821
2437,12.147758
2438,12.47368
2439,0.3127756
2440,9.2529955
2441,29.429441
2442,3.346241
2443,10.835229
2444,3.1978178
2445,5.0520678
2446,18.874092
2447,15.070797
2448,20.792702
2449,16.996273
2450,0.6208029
2451,24.343298
2452,8.710808
2453,58.917057
2454,84.57539
2455,15.6936035
2456,0.4068241
2457,17.666233
2458,9.343813
2459,20.097244
2460,28.070845
2461,35.887672
2462,8.5411
2463,4.548257
2464,4.514862
2465,28.943933
2466,6.259413
2467,7.944195
2468,6.0690956
2469,3.8595486
2470,25.133343
2471,11.772598
2472,21.347557
2473,9.444187
2474,55.83722
2475,11.497868
2476,8.148685
2477,19.837446
2478,4.387802
2479,5.9831963
2480,11.015837
2481,8.070738
2482,1.3360767
2483,36.1978
2484,29.664143
2485,19.233597
2486,21.257227
2487,27.085415
2488,23.59885
2489,15.976607
2490,1.2497568
2491,100.29025
2492,0.2823906
2493,1.4475441
2494,15.5959015
2495,4.756049
2496,12.673994
2497,0.9385357
2498,16.260233
2499,0.74641705
2500,7.30363
2501,0.550519
2502,10.013619
2503,20.337341
2504,6.182332
2505,23.885233
2506,6.253845
2507,1.688612
2508,0.06634045
2509,12.853454
2510,0.4675846
2511,27.187397
2512,25.596317
2513,0.31811142
2514,5.465645
2515,43.174496
2516,30.744621
2517,17.693932
2518,2.1259193
2519,4.4621515
2520,1.3329821
2521,18.2513
2522,2.815053
2523,4.7009325
2524,35.583378
2525,11.108174
2526,0.40685177
2527,29.275837
2528,29.813602
2529,0.4640131
2530,20.775425
2531,23.969662
2532,4.4666195
2533,14.697747
2534,0.94054985
2535,10.37193
2536,0.41735363
2537,44.604454
2538,2.5021973
2539,19.222446
2540,9.407763
2541,59.38997
2542,0.06304073
2543,10.58968
2544,47.292225
2545,16.235147
2546,50.8146
2547,25.976707
2548,14.944881
2549,12.287215
2550,10.028891
2551,4.4123554
2552,16.755838
2553,61.62641
2554,11.2779045
2555,0.7225237
2556,23.57783
2557,2.8467932
2558,5.7509766
2559,3.81491
2560,19.884323
2561,14.7047
2562,43.745296
2563,33.76761
2564,15.814882
2565,4.341728
2566,306.05542
2567,18.05159
2568,28.05603
2569,4.717291
2570,2.929594
2571,4.206293
2572,11.901908
2573,5.9336576
2574,136.18616
2575,10.741949
2576,27.579197
2577,17.579945
2578,9.595969
2579,13.799313
2580,33.509655
2581,37.38772
2582,55.619293
2583,22.438923
2584,12.589254
2585,8.580178
2586,6.926795
2587,9.720254
2588,7.1712008
2589,18.354477
2590,65.37663
2591,9.923881
2592,26.31781
2593,10.385385
2594,14.927345
2595,32.009346
2596,62.04059
2597,31.664062
2598,10.583298
2599,25.786552
2600,276.72784
2601,4.202235
2602,41.874397
2603,5.1373177
2604,20.350006
2605,5.1465816
2606,43.030537
2607,138.55722
2608,24.788599
2609,2.762866
2610,12.830052
2611,16.274296
2612,33.170414
2613,20.682657
2614,72.20949
2615,8.004226
2616,12.795546
2617,18.994251
2618,32.98231
2619,5.6811295
2620,19.953108
2621,202.11829
2622,5.5190144
2623,83.23174
2624,8.085561
2625,29.290295
2626,29.121204
2627,40.11727
2628,4.560649
2629,12.58784
2630,8.249129
2631,4.054923
2632,5.74644
2633,7.957736
2634,22.142023
2635,5.6518717
2636,9.112495
2637,34.801712
2638,39.212692
2639,50.0355
2640,4.775613
2641,14.483304
2642,10.773661
2643,144.09344
2644,7.27542
2645,9.326106
2646,5.4160614
2647,31.043848
2648,164.75977
2649,14.277304
2650,19.3038
2651,59.865784
2652,5.6776094
2653,15.512205
2654,32.700447
2655,38.911514
2656,112.79027
2657,16.239405
2658,50.087387
2659,28.962276
2660,16.491833
2661,39.19195
2662,33.891994
2663,9.372862
2664,34.601753
2665,26.32433
2666,35.255535
2667,281.66217
2668,5.4071884
2669,23.799904
2670,29.993942
2671,235.69226
2672,220.73059
2673,6.1804934
2674,151.46558
2675,39.915985
2676,185.00958
2677,5.61032
2678,19.943752
2679,3.7372437
2680,18.711708
2681,28.065575
2682,36.82184
2683,5.4480505
2684,8.054251
2685,16.611217
2686,39.46113
2687,38.01921
2688,20.578844
2689,41.1457
2690,25.11132
2691,19.677681
2692,35.347904
2693,25.227337
2694,11.779974
2695,4.8023577
2696,5.152111
2697,15.769383
2698,204.0939
2699,40.51336
2700,152.78047
2701,21.855629
2702,104.85152
2703,34.161728
2704,16.475016
2705,29.05198
2706,3.9629927
2707,3.785098
2708,57.556076
2709,36.33179
2710,25.57631
2711,4.7858458
2712,164.50156
2713,19.95709
2714,26.350475
2715,42.635017
2716,39.345062
2717,247.60487
2718,32.652706
2719,8.688526
2720,53.505535
2721,0.7321758
2722,1.579071
2723,27.511108
2724,34.07363
2725,7.992633
2726,28.517607
2727,14.334676
2728,4.1385536
2729,18.980186
2730,9.70163
2731,18.627586
2732,2.5255814
2733,3.8395395
2734,1.3784437
2735,25.38807
2736,7.371417
2737,14.234236
2738,12.678023
2739,24.872654
2740,6.4919834
2741,26.458054
2742,8.152904
2743,1.152461
2744,34.443817
2745,6.147216
2746,18.487785
2747,7.3944883
2748,42.481766
2749,4.1493683
2750,41.291283
2751,2.0653992
2752,23.746769
2753,36.46671
2754,0.1528101
2755,6.1946707
2756,18.861176
2757,23.68348
2758,14.239478
2759,11.038326
2760,1.8358383
2761,5.736903
2762,35.4347
2763,63.80244
2764,14.875391
2765,57.89296
2766,1.3396044
2767,13.5962515
2768,3.734126
2769,4.6710825
2770,3.9506578
2771,5.4492235
2772,71.7001
2773,21.076004
2774,7.9896736
2775,10.538109
2776,1.0212402
2777,18.060383
2778,31.303461
2779,0.5737562
2780,9.92071
2781,24.319263
2782,29.253338
2783,2.7826977
2784,10.063042
2785,32.973175
2786,11.199817
2787,15.113772
2788,0.9624357
2789,3.3833017
2790,3.3430014
2791,11.89808
2792,20.9393
2793,19.80011
2794,12.474372
2795,4.306987
2796,29.811974
2797,28.139975
2798,28.00053
2799,19.330029
2800,12.031871
2801,8.067219
2802,16.162075
2803,5.9306517
2804,15.632162
2805,2.2199907
2806,0.6809864
2807,80.3441
2808,1.5354748
2809,0.74985313
2810,28.422695
2811,25.815542
2812,47.01867
2813,24.390934
2814,0.5849476
2815,3.2584267
2816,20.564934
2817,19.371853
2818,6.229556
2819,1.3388329
2820,15.473063
2821,49.561752
2822,6.9377594
2823,10.120842
2824,0.21377373
2825,0.9569664
2826,6.7215214
2827,11.331849
2828,3.7844267
2829,7.96521
2830,1.2188969
2831,1.8606195
2832,0.9528971
2833,1.650033
2834,14.965964
2835,7.8703365
2836,24.784555
2837,12.397553
2838,13.015296
2839,29.021303
2840,13.126756
2841,31.210894
2842,25.021574
2843,21.761307
2844,99.042755
2845,62.844116
2846,1.1633539
2847,16.409142
2848,0.14756203
2849,5.343549
2850,17.478947
2851,17.123718
2852,29.854345
2853,0.57748604
2854,6.6765194
2855,18.335413
2856,1.4799623
2857,24.36714
2858,27.583797
2859,50.210236
2860,9.141458
2861,9.36224
2862,7.1937437
2863,0.5803137
2864,29.059029
2865,16.464132
2866,4.715828
2867,8.375548
2868,17.18444
2869,14.302037
2870,12.492583
2871,13.299872
2872,33.61971
2873,34.786194
2874,106.907074
2875,20.18123
2876,0.8488264
2877,2.8598652
2878,0.57774067
2879,3.4601545
2880,2.2690258
2881,3.452488
2882,26.54076
2883,23.653252
2884,0.46175766
2885,1.0324421
2886,0.8569937
2887,1.959755
2888,6.2338896
2889,0.15228939
2890,0.35838985
2891,0.6413698
2892,10.353802
2893,3.7307615
2894,25.495808
2895,2.5852928
2896,29.637302
2897,4.390686
2898,2.1618567
2899,8.219776
2900,0.9426451
2901,0.53734875
2902,14.871082
2903,1.5376186
2904,8.514306
2905,22.320942
2906,4.3561954
2907,1.0812664
2908,6.0991096
2909,16.385763
2910,57.741882
2911,22.180122
2912,0.36278725
2913,2.3282967
2914,6.4081306
2915,16.738964
2916,0.80865
2917,8.771577
2918,5.7289248
2919,31.38974
2920,25.641552
2921,1.7462654
2922,1.2367887
2923,6.2059097
2924,0.1473093
2925,0.61674786
2926,4.93349
2927,21.946308
2928,11.057941
2929,147.96542
2930,4.6277323
2931,21.19524
2932,0.9572458
2933,16.630714
2934,0.3949499
2935,179.5595
2936,1.7888803
2937,2.6696835
2938,2.2429676
2939,12.398626
2940,7.197481
2941,21.666862
2942,20.299225
2943,24.447926
2944,21.034645
2945,22.253708
2946,6.445092
2947,27.299728
2948,21.314245
2949,5.0129013
2950,14.370853
2951,21.35825
2952,2.8462982
2953,27.633282
2954,0.14522839
2955,3.5766697
2956,2.709817
2957,25.15221
2958,3.0380688
2959,16.09962
2960,16.08076
2961,3.8670387
2962,8.60855
2963,1.282774
2964,0.4839058
2965,13.09386
2966,55.25956
2967,13.451614
2968,78.82226
2969,4.51231
2970,24.246593
2971,16.324776
2972,1.2871656
2973,9.021929
2974,14.574367
2975,5.4641123
2976,5.1306267
2977,13.193126
2978,35.977978
2979,7.4420843
2980,228.88797
2981,11.384299
2982,6.394971
2983,4.776202
2984,0.93345356
2985,7.744089
2986,1.4755049
2987,6.461238
2988,22.356182
2989,4.048688
2990,7.400653
2991,10.789374
2992,21.812962
2993,9.890054
2994,106.3757
2995,2.1336746
2996,5.181179
2997,26.596588
2998,10.312554
2999,8.378053
3000,3.0464745
3001,97.907776
3002,6.285594
3003,66.80032
3004,22.795776
3005,58.245323
3006,142.36856
3007,29.320797
3008,18.053005
3009,2.0223475
3010,22.906418
3011,0.7900381
3012,9.056177
3013,3.2554874
3014,125.01063
3015,10.205511
3016,13.400278
3017,31.146568
3018,0.4361267
3019,27.133904
3020,22.305328
3021,31.567272
3022,19.177582
3023,23.814968
3024,0.5560274
3025,109.31249
3026,14.633017
3027,14.878861
3028,9.037137
3029,5.173876
3030,23.782507
3031,0.5381584
3032,13.23072
3033,6.549266
3034,49.351143
3035,7.803108
3036,36.741917
3037,2.8150597
3038,19.580463
3039,18.835094
3040,14.087765
3041,81.65086
3042,1.1698351
3043,5.0866833
3044,21.333294
3045,16.831036
3046,3.0487776
3047,41.701115
3048,43.821957
3049,59.422134
3050,1.5050564
3051,60.164536
3052,1.4976778
3053,40.32457
3054,26.833702
3055,16.28121
3056,7.103346
3057,19.245186
3058,117.160736
3059,97.40489
3060,62.275703
3061,9.342721
3062,5.820513
3063,44.82274
3064,0.24945068
3065,8.418572
3066,4.567725
3067,3.6709795
3068,47.661697
3069,12.381121
3070,44.48134
3071,80.90631
3072,9.65179
3073,1.330203
3074,10.160117
3075,69.61463
3076,70.09381
3077,13.303044
3078,69.96234
3079,31.286839
3080,4.4344015
3081,11.002132
3082,51.84903
3083,17.185894
3084,1.639781
3085,8.118631
3086,4.056344
3087,38.738388
3088,8.921918
3089,4.0204372
3090,66.631874
3091,45.436943
3092,84.02724
3093,4.3910284
3094,15.854977
3095,1.1330299
3096,77.146255
3097,5.7731895
3098,58.048923
3099,73.04209
3100,25.463263
3101,56.045692
3102,6.6411743
3103,5.9785643
3104,20.317839
3105,68.63668
3106,87.84509
3107,39.298588
3108,82.38104
3109,2.0808802
3110,27.78452
3111,37.51484
3112,19.25156
3113,25.776112
3114,7.999463
3115,2.0447311
3116,18.95956
3117,3.0403795
3118,50.655983
3119,43.556454
3120,62.76641
3121,20.450064
3122,12.849962
3123,32.32376
3124,36.596523
3125,28.03688
3126,9.170286
3127,23.068188
3128,16.20881
3129,3.2915974
3130,20.494843
3131,4.3928347
3132,0.2633114
3133,36.73786
3134,7.1568327
3135,74.30286
3136,108.72403
3137,32.729813
3138,43.682487
3139,48.743706
3140,1.1144876
3141,74.83317
3142,2.0986261
3143,47.91791
3144,9.882989
3145,40.57075
3146,23.965706
3147,64.780975
3148,91.77284
3149,0.32413578
3150,73.92651
3151,2.3362627
3152,3.0308256
3153,29.289528
3154,2.5235834
3155,18.181538
3156,0.7100849
3157,48.584034
3158,1.9099312
3159,28.736137
3160,18.771248
3161,20.113081
3162,2.7645864
3163,54.187874
3164,3.0409489
3165,73.26566
3166,14.566996
3167,9.991421
3168,17.218975
3169,17.34924
3170,13.046836
3171,33.954185
3172,17.283342
3173,48.573303
3174,57.986244
3175,18.654163
3176,5.843278
3177,1.2992153
3178,114.610985
3179,10.335759
3180,52.000587
3181,6.7020397
3182,34.84527
3183,95.66776
3184,2.1034918
3185,23.850517
3186,26.806683
3187,0.8172474
3188,2.1064234
3189,70.07689
3190,50.671623
3191,57.36068
3192,33.376125
3193,128.46184
3194,117.06448
3195,52.2033
3196,1.1046171
3197,0.7128258
3198,23.136547
3199,40.241657
3200,32.168636
3201,1.3446789
3202,13.029196
3203,19.718475
3204,11.717401
3205,14.246232
3206,18.15815
3207,5.873496
3208,58.610775
3209,1.8183908
3210,101.104645
3211,19.170841
3212,30.40034
3213,15.98403
3214,4.5924273
3215,79.954475
3216,23.775421
3217,10.764575
3218,25.767551
3219,12.327669
3220,11.340263
3221,21.186636
3222,50.9759
3223,97.99564
3224,17.15483
3225,40.583584
3226,31.403477
3227,2.5615559
3228,3.0698757
3229,30.417837
3230,55.270763
3231,6.722227
3232,0.52564526
3233,17.55864
3234,0.83730507
3235,2.244031
3236,22.263987
3237,11.605279
3238,94.112915
3239,1.6529341
3240,105.19403
3241,6.677808
3242,19.367458
3243,56.656097
3244,93.19447
3245,1.3656998
3246,73.58064
3247,15.718699
3248,13.482618
3249,11.601342
3250,28.842213
3251,0.13690281
3252,9.443903
3253,2.9430733
3254,2.0792656
3255,0.13130474
3256,27.697624
3257,6.302202
3258,12.221325
3259,31.975662
3260,25.133133
3261,16.415684
3262,3.8393106
3263,15.072094
3264,50.39033
3265,113.10544
3266,88.35339
3267,90.84009
3268,16.42384
3269,3.8939838
3270,27.47623
3271,44.36852
3272,28.65252
3273,55.655228
3274,58.899708
3275,32.268486
3276,25.252909
3277,82.652596
3278,7.7882977
3279,81.70592
3280,91.43031
3281,1.1121416
3282,58.67076
3283,2.001443
3284,0.5138111
3285,29.882786
3286,5.973364
3287,18.160957
3288,7.6663275
3289,0.84737206
3290,6.8477564
3291,0.51880264
3292,78.51715
3293,9.111589
3294,22.862955
3295,74.63762
3296,13.315168
3297,19.550571
3298,0.8797426
3299,15.458652
3300,1.1000996
3301,11.242982
3302,92.4518
3303,115.285645
3304,3.458331
3305,2.2820148
3306,15.991519
3307,2.3330097
3308,10.182276
3309,11.839149
3310,10.99027
3311,28.023767
3312,5.604245
3313,41.808693
3314,102.185455
3315,9.771131
3316,11.523384
3317,1.3690338
3318,0.15621662
3319,3.8410177
3320,3.538889
3321,24.714096
3322,1.647769
3323,2.2772083
3324,4.1383467
3325,1.407157
3326,20.497612
3327,1.3223648
3328,30.649952
3329,68.74135
3330,25.350286
3331,8.37682
3332,1.8309488
3333,21.1622
3334,8.711637
3335,14.336271
3336,19.178322
3337,18.081772
3338,5.997698
3339,13.227372
3340,6.7007437
3341,6.0657425
3342,1.7363691
3343,99.961136
3344,2.8572102
3345,26.55744
3346,96.31259
3347,12.699898
3348,0.5736141
3349,2.7401047
3350,3.3603802
3351,14.2092285
3352,22.105139
3353,21.201046
3354,36.786545
3355,7.4588823
3356,0.9610462
3357,1.5193825
3358,9.47473
3359,0.9542742
3360,14.781239
3361,7.336932
3362,1.1494093
3363,0.32680225
3364,13.768377
3365,10.785213
3366,19.957294
3367,20.436485
3368,71.39923
3369,0.79022884
3370,2.739462
3371,4.2007294
3372,0.42634296
3373,52.89535
3374,5.9491596
3375,0.34750557
3376,1.8409376
3377,2.4404383
3378,34.23823
3379,2.3517036
3380,5.436882
3381,17.576849
3382,15.673274
3383,19.4631
3384,7.9101086
3385,3.5749636
3386,2.4834862
3387,19.691643
3388,0.8161764
3389,39.769447
3390,6.6663647
3391,2.2462053
3392,2.4959297
3393,10.473395
3394,0.8545704
3395,0.46275425
3396,9.29994
3397,6.334387
3398,7.8165293
3399,3.475091
3400,5.628584
3401,15.148999
3402,6.1229753
3403,5.451539
3404,7.957775
3405,0.081671715
3406,0.083678246
3407,2.514906
3408,13.964873
3409,27.26086
3410,0.4542694
3411,12.954809
3412,1.1504822
3413,15.955538
3414,3.9936838
3415,11.669502
3416,4.4649134
3417,12.338516
3418,1.8675203
3419,9.919044
3420,10.073962
3421,0.72464085
3422,11.554073
3423,20.951378
3424,14.761255
3425,8.591919
3426,2.171918
3427,14.625855
3428,12.56417
3429,36.34179
3430,0.85203457
3431,51.45929
3432,3.2439804
3433,9.354051
3434,7.729639
3435,8.4596
3436,3.2806215
3437,2.551175
3438,18.441345
3439,3.062683
3440,5.9356985
3441,1.6849871
3442,7.519911
3443,2.3993797
3444,1.7630196
3445,1.330554
3446,0.5256882
3447,0.7317505
3448,4.3173294
3449,2.0606928
3450,0.92429256
3451,2.4012718
3452,64.294014
3453,8.337407
3454,51.75734
3455,3.3467598
3456,11.368506
3457,5.1115017
3458,9.225563
3459,4.57932
3460,6.1361275
3461,1.4650812
3462,36.877193
3463,5.0646076
3464,0.38847923
3465,17.01824
3466,2.5283833
3467,16.875698
3468,21.070183
3469,0.5626726
3470,98.78154
3471,39.87867
3472,86.080696
3473,48.97608
3474,10.293974
3475,16.78785
3476,4.396928
3477,8.0387125
3478,2.555441
3479,32.88059
3480,3.6518583
3481,3.7720232
3482,9.203033
3483,11.166506
3484,0.07775879
3485,6.6772747
3486,6.06806
3487,14.534536
3488,0.33329296
3489,6.216215
3490,5.527519
3491,25.374794
3492,5.268162
3493,4.372306
3494,1.7933702
3495,5.0772734
3496,7.286661
3497,5.934037
3498,5.5743265
3499,3.8971252
3500,0.3381834
3501,69.59062
3502,0.65136623
3503,0.49756622
3504,2.9042826
3505,5.0651608
3506,13.847636
3507,0.41923618
3508,3.612958
3509,5.4850082
3510,1.558732
3511,32.849113
3512,3.9766178
3513,11.253542
3514,17.189041
3515,0.38710213
3516,6.622259
3517,1.3158045
3518,17.694225
3519,53.4817
3520,3.550126
3521,30.498966
3522,0.47765446
3523,7.30842
3524,43.97623
3525,14.050727
3526,20.987715
3527,0.35602188
3528,1.2583933
3529,2.3387852
3530,22.194525
3531,30.401495
3532,4.110139
3533,1.3755178
3534,0.27073097
3535,49.966537
3536,8.674015
3537,156.04156
3538,2.785778
3539,1.9845324
3540,42.172646
3541,4.8899374
3542,9.620529
3543,2.5250406
3544,38.135567
3545,14.205246
3546,2.667921
3547,28.361675
3548,6.685055
3549,0.85512257
3550,1.7648745
3551,0.23550892
3552,25.836613
3553,13.503842
3554,11.142117
3555,156.71599
3556,90.00658
3557,120.75974
3558,0.8674803
3559,6.321418
3560,0.08439541
3561,5.2516136
3562,18.554035
3563,0.333498
3564,3.6762867
3565,1.2349501
3566,0.08044243
3567,8.770062
3568,2.016182
3569,0.50092983
3570,26.162409
3571,25.360243
3572,19.932133
3573,1.1663227
3574,0.30004883
3575,7.394162
3576,24.914667
3577,27.399174
3578,22.114902
3579,0.34767342
3580,0.23048115
3581,3.0015812
3582,2.6339445
3583,4.524328
3584,7.751855
3585,28.767204
3586,3.114028
3587,96.37216
3588,21.123655
3589,5.5859966
3590,9.688179
3591,4.6081476
3592,6.071289
3593,0.6510372
3594,2.946867
3595,4.1019506
3596,20.617214
3597,0.4986906
3598,28.78519
3599,81.86203
3600,2.0967302
3601,16.114578
3602,22.271952
3603,0.2723894
3604,6.1512527
3605,21.604094
3606,21.621433
3607,8.317294
3608,0.61953545
3609,1.3416901
3610,39.82673
3611,1.7984257
3612,6.2762213
3613,0.6930256
3614,18.129307
3615,2.4557123
3616,0.28297615
3617,1.6171484
3618,26.215782
3619,10.098593
3620,2.338994
3621,0.5819092
3622,34.908115
3623,4.0245476
3624,0.07559395
3625,35.5391
3626,153.86255
3627,3.5762558
3628,0.42716503
3629,94.62841
3630,75.58697
3631,3.6651468
3632,1.5787649
3633,0.9074211
3634,2.288786
3635,16.453957
3636,1.8566513
3637,1.531867
3638,3.791996
3639,1.9880657
3640,12.094422
3641,5.045827
3642,8.142362
3643,70.52575
3644,1.6692934
3645,2.053196
3646,5.171093
3647,3.3189268
3648,11.178117
3649,0.30551052
3650,49.407066
3651,11.283774
3652,1.2678089
3653,0.26267433
3654,1.6017027
3655,0.49324417
3656,0.22754002
3657,9.309852
3658,9.826759
3659,11.629329
3660,3.7857132
3661,1.5243549
3662,5.4531107
3663,183.77002
3664,0.5207567
3665,12.977522
3666,5.8247356
3667,7.535798
3668,11.133185
3669,94.890396
3670,3.208209
3671,19.29538
3672,5.7592793
3673,15.494255
3674,33.842926
3675,21.944794
3676,1.3925657
3677,16.303509
3678,6.9565344
3679,14.38556
3680,23.064121
3681,8.100613
3682,19.754524
3683,1.2896633
3684,10.1088085
3685,13.514887
3686,18.492579
3687,3.9317884
3688,8.173748
3689,27.127895
3690,2.1835861
3691,2.7556686
3692,20.764336
3693,23.121593
3694,11.854341
3695,3.2387514
3696,7.0790396
3697,3.6915045
3698,0.1561327
3699,7.265232
3700,10.879294
3701,7.823964
3702,26.433884
3703,6.3254013
3704,21.223623
3705,22.406631
3706,5.4649534
3707,8.107707
3708,0.34707165
3709,24.018597
3710,14.394883
3711,31.37984
3712,13.259884
3713,3.3627892
3714,16.078274
3715,6.315051
3716,1.913187
3717,4.407217
3718,5.906851
3719,17.934439
3720,10.351297
3721,7.5908165
3722,23.26086
3723,22.253727
3724,21.280724
3725,10.27711
3726,1.0752344
3727,3.8789206
3728,17.086784
3729,16.224075
3730,1.895587
3731,2.7254305
3732,11.755994
3733,32.76293
3734,26.174807
3735,23.06929
3736,30.169765
3737,3.2376928
3738,10.523538
3739,35.00517
3740,6.2235107
3741,13.992424
3742,39.160934
3743,2.0045776
3744,4.508523
3745,17.961262
3746,0.79721355
3747,23.018578
3748,16.759426
3749,5.8468904
3750,4.887389
3751,26.081236
3752,6.231532
3753,0.35360622
3754,2.4125443
3755,2.8286772
3756,20.248663
3757,30.30856
3758,9.848766
3759,17.375439
3760,1.0871801
3761,4.42447
3762,9.940572
3763,0.97287846
3764,6.7271175
3765,3.377325
3766,14.042781
3767,10.141462
3768,20.138126
3769,0.1491785
3770,13.011389
3771,0.9852743
3772,20.789604
3773,8.370026
3774,35.841618
3775,1.1914406
3776,30.529068
3777,3.659402
3778,0.5738106
3779,18.302021
3780,16.069962
3781,30.68421
3782,15.508035
3783,10.170659
3784,0.98913383
3785,6.149006
3786,16.461979
3787,2.1927605
3788,11.987811
3789,16.460741
3790,19.75848
3791,17.756552
3792,13.749664
3793,17.134918
3794,33.636497
3795,40.693855
3796,1.079133
3797,14.784925
3798,22.431751
3799,32.17698
3800,3.2731543
3801,9.039989
3802,9.00132
3803,7.5495462
3804,19.084558
3805,0.6478853
3806,38.328423
3807,0.7516813
3808,22.849144
3809,19.25482
3810,9.059323
3811,24.483398
3812,35.793804
3813,19.704353
3814,1.6756487
3815,5.762513
3816,0.84122944
3817,26.62751
3818,1.0264626
3819,2.784895
3820,29.395145
3821,7.995907
3822,9.66573
3823,25.239681
3824,39.355633
3825,33.561028
3826,1.0909348
3827,0.15024376
3828,0.9434509
3829,4.187298
3830,31.787807
3831,34.998425
3832,8.5272
3833,0.6512985
3834,16.390223
3835,13.095464
3836,3.3647318
3837,12.017058
3838,4.160022
3839,10.812337
3840,1.0380478
3841,0.3161621
3842,5.4348946
3843,9.374857
3844,6.122239
3845,2.3299036
3846,1.1280146
3847,1.4664412
3848,1.9072714
3849,8.330478
3850,0.59311485
3851,3.7974014
3852,20.807941
3853,3.9703493
3854,5.265712
3855,8.844787
3856,2.8968725
3857,2.1973715
3858,3.2023878
3859,19.451519
3860,0.16505432
3861,0.5811806
3862,0.49185658
3863,3.4366589
3864,3.1500854
3865,4.025424
3866,1.4755802
3867,4.383478
3868,1.0656404
3869,6.028079
3870,2.79496
3871,4.4020796
3872,9.103887
3873,1.9165955
3874,1.2991257
3875,1.2255707
3876,1.382515
3877,3.9609356
3878,1.9252443
3879,3.559352
3880,5.177737
3881,1.9092884
3882,1.1825075
3883,2.198307
3884,8.307491
3885,2.2553835
3886,0.68137074
3887,0.8093424
3888,0.3502264
3889,11.306329
3890,4.2324514
3891,1.9246874
3892,0.50751877
3893,12.462656
3894,14.593365
3895,3.2661877
3896,0.5516882
3897,3.6033878
3898,0.9694061
3899,1.4160204
3900,6.060917
3901,12.203947
3902,2.2398758
3903,3.946807
3904,3.2508755
3905,14.232239
3906,1.6751194
3907,1.2409086
3908,0.8034439
3909,1.5143633
3910,10.89839
3911,3.720872
3912,0.19236565
3913,0.23828888
3914,2.20477
3915,2.988573
3916,0.6562443
3917,1.3679628
3918,1.3816805
3919,2.5595522
3920,4.594589
3921,2.4649172
3922,0.6971731
3923,2.4852333
3924,3.9070358
3925,2.437274
3926,0.4833145
3927,1.3392859
3928,14.456312
3929,2.652751
3930,8.582472
3931,5.40152
3932,1.2736616
3933,3.264347
3934,0.67843914
3935,2.749569
3936,1.8577862
3937,1.9000454
3938,9.208529
3939,6.0417957
3940,3.8768568
3941,6.535177
3942,2.3029346
3943,0.44166756
3944,2.1777782
3945,5.8874245
3946,0.72606564
3947,1.1687231
3948,0.25696564
3949,11.9678955
3950,1.3674564
3951,7.7764883
3952,0.28205013
3953,0.4901924
3954,1.4413633
3955,0.85229015
3956,1.1016159
3957,2.4489937
3958,1.3924904
3959,9.498424
3960,5.9787817
3961,2.5495968
3962,0.44302368
3963,1.2258139
3964,0.9691181
3965,0.8131008
3966,1.6789665
3967,3.2126722
3968,3.0622244
3969,0.21281147
3970,1.8428888
3971,1.8087616
3972,2.6228266
3973,4.8480244
3974,0.26561928
3975,6.3502007
3976,4.3034325
3977,6.8707314
3978,3.4467077
3979,1.6668615
3980,9.33585
3981,0.18234634
3982,5.766515
3983,3.9680176
3984,3.080902
3985,3.2362719
3986,1.2916212
3987,2.1496668
3988,1.8355799
3989,2.0258675
3990,0.44359207
3991,1.1594286
3992,13.896042
3993,2.2026424
3994,6.3691063
3995,0.18133259
3996,7.4752054
3997,18.623444
3998,21.971277
3999,2.112337
